{
            "refs": {
                "trypsonized_cells": {
                    "cover": "universal",
                    "label": "trypsonized_cells",
                    "aliquots": {
                        "0": {
                            "volume": "7485.0:microliter",
                            "name": null,
                            "properties": {}
                        }
                    },
                    "type": "24-deep",
                    "id": "ct198cdqgfn5ea",
                    "store": "warm_37"
                }
            },
            "parameters": {
                "trypsonized_cell_wells": ["trypsonized_cells/0"],
                "cells_per_ul": 400,
                "test_mode": true
            }
        }
