{
                "refs": {
                    "bacteria_tube": {
                        "cover": null, 
                        "label": "dna_tube", 
                        "aliquots": {
                            "0": {
                                "volume": "115.0:microliter", 
                                "name": null, 
                                "properties": {
                                    "antibiotic": "cam",
                                    "cell_line_name": "HSV1_strain_17_BAC_EPI300"
                                }
                            }
                        }, 
                        "type": "micro-1.5", 
                        "id": "ct19hjtv7jwf4w", 
                        "store": "cold_80"
                    }
                }, 
                "parameters": {
                    "bacteria_tube": "bacteria_tube", 
                    "destroy_source_tube": false, 
                    "test_mode":false
                }
            }
