{
                "refs": {
                    "virus_tube": {
                        "cover": null, 
                        "label": "virus_tube", 
                        "aliquots": {
                            "0": {
                                "volume": "1985.0:microliter", 
                                "name": null, 
                                "properties": {}
                            }
                        }, 
                        "type": "micro-2.0", 
                        "id": "ct198wgyfw3htk", 
                        "store": "cold_80"
                    }, 
                    "replated_cells_1": {
                        "cover": "standard", 
                        "label": "replated_cells_1", 
                        "aliquots": {
                            "1": {
                                "volume": "3000.0:microliter", 
                                "name": null, 
                                "properties": {}
                            }, 
                            "0": {
                                "volume": "3000.0:microliter", 
                                "name": null, 
                                "properties": {}
                            }, 
                            "3": {
                                "volume": "3000.0:microliter", 
                                "name": null, 
                                "properties": {}
                            }, 
                            "2": {
                                "volume": "3000.0:microliter", 
                                "name": null, 
                                "properties": {}
                            }, 
                            "5": {
                                "volume": "3000.0:microliter", 
                                "name": null, 
                                "properties": {}
                            }, 
                            "4": {
                                "volume": "3000.0:microliter", 
                                "name": null, 
                                "properties": {}
                            }
                        }, 
                        "type": "6-flat-tc", 
                        "id": "ct198z3gc62jbn", 
                        "store": "warm_37"
                    }
                }, 
                "parameters": {
                    "cells_per_ul": 533, 
                    "cell_plate": "replated_cells_1", 
                    "test_mode": true, 
                    "virus_well": "virus_tube/0"
                }
            }
