{
                "refs": {
                    "hsv1_dna": {
                        "cover": null, 
                        "label": "hsv1_dna", 
                        "aliquots": {
                            "0": {
                                "volume": "600.0:microliter", 
                                "name": null, 
                                "properties": {}
                            }
                        }, 
                        "type": "micro-2.0", 
                        "id": "ct198stskpt2yw", 
                        "store": "cold_80"
                    }, 
                    "replated_cells_1": {
                        "cover": "standard", 
                        "label": "replated_cells_1", 
                        "aliquots": {
                            "1": {
                                "volume": "3000.0:microliter", 
                                "name": null, 
                                "properties": {}
                            }, 
                            "0": {
                                "volume": "3000.0:microliter", 
                                "name": null, 
                                "properties": {}
                            }, 
                            "3": {
                                "volume": "3000.0:microliter", 
                                "name": null, 
                                "properties": {}
                            }, 
                            "2": {
                                "volume": "3000.0:microliter", 
                                "name": null, 
                                "properties": {}
                            }, 
                            "5": {
                                "volume": "3000.0:microliter", 
                                "name": null, 
                                "properties": {}
                            }, 
                            "4": {
                                "volume": "3000.0:microliter", 
                                "name": null, 
                                "properties": {}
                            }
                        }, 
                        "type": "6-flat-tc", 
                        "id": "ct198s7s22dy8c", 
                        "store": "warm_37"
                    }
                }, 
                "parameters": {
                    "cells_per_ul": 533, 
                    "cell_plate": "replated_cells_1", 
                    "hsv1_dna_well": "hsv1_dna/0", 
                    "test_mode": true
                }
            }
