
{
                "refs": {
                    "bacteria_tube": {
                        "cover": null, 
                        "label": "dna_tube", 
                        "aliquots": {
                            "11": {
                                "volume": "1700.0:microliter", 
                                "name": null, 
                                "properties": {}
                            }
                        }, 
                        "type": "96-deep", 
                        "id": "ct19j472ykbyqu", 
                        "store": "cold_4"
                    }
                }, 
                "parameters": {
                    "test_mode": true, 
                    "antibiotic": "amp", 
                    "bacteria_well": "bacteria_tube/11",
					"second_antibiotic": "strep"
                }
            }
