{
                "refs": {
                    "cells": {
                        "cover": null, 
                        "label": "cells", 
                        "aliquots": {
                            "0": {
                                "volume": "1000.0:microliter", 
                                "name": null, 
                                "properties": {}
                            }
                        }, 
                        "type": "micro-2.0", 
                        "id": "ct197m3n83yxvv", 
                        "store": "cold_80"
                    }
                }, 
                "parameters": {
                    "cells_well": "cells/0", 
                    "test_mode": true
                }
            }
