{
    "version": 1,              
    "disable_existing_loggers": false,

    "formatters": {
        "standard": {
            "format": "%(asctime)s [%(levelname)s] %(name)s: %(message)s"
        }
    },
    "handlers": {
        "default": {
            "level":"INFO",    
            "class":"logging.StreamHandler"
        } 
    },
    "loggers": {
        "": {                  
            "handlers": ["default"],        
            "level": "INFO",  
            "propagate": true  
        },
        "requests.packages.urllib3": {
            "handlers": ["default"],
            "level": "WARNING",
            "propogate": true
        }
        
    }
}
