{
                "refs": {
                    "purified_construct_plate": {
                        "cover": null, 
                        "label": "purified_construct_plate", 
                        "aliquots": {
                            "1": {
                                "volume": "2000.0:microliter", 
                                "name": "purified_gene2", 
                                "properties": {
                                    "Concentration (DNA)": "150:nanogram/microliter", 
                                    "dna_length": 1000, 
                                    "A260/A280": 1.88
                                }
                            }, 
                            "0": {
                                "volume": "2000.0:microliter", 
                                "name": "purified_gene1", 
                                "properties": {
                                    "Concentration (DNA)": "150:nanogram/microliter", 
                                    "dna_length": 1000, 
                                    "A260/A280": 1.88
                                }
                            }, 
                            "2": {
                                "volume": "2000.0:microliter", 
                                "name": "purified_gene3", 
                                "properties": {
                                    "Concentration (DNA)": "150:nanogram/microliter", 
                                    "dna_length": 1000, 
                                    "A260/A280": 1.88
                                }
                            }
                        }, 
                        "type": "96-deep", 
                        "id": "ct19j7xhxe4zgn", 
                        "store": "cold_4"
                    }, 
                    "vector_tube": {
                        "cover": null, 
                        "label": "vector_tube", 
                        "aliquots": {
                            "0": {
                                "volume": "1500.0:microliter", 
                                "name": null, 
                                "properties": {
                                    "Concentration (DNA)": "56:nanogram/microliter", 
                                    "A260/A280": 1.88
                                }
                            }
                        }, 
                        "type": "micro-1.5", 
                        "id": "ct19h5g7vk4jht", 
                        "store": "cold_80"
                    }
                }, 
                "parameters": {
                    "test_mode": false, 
                    "vector_well": "vector_tube/0", 
                    "add_iptg": true, 
                    "product_name": "major_insert_v2_bsi_clonesure", 
                    "construct_wells": [
                        "purified_construct_plate/0", 
                        "purified_construct_plate/1", 
                        "purified_construct_plate/2"
                    ]
                }
            }
