{
                "refs": {
                    "linearized_vector_tube": {
                        "cover": null, 
                        "label": "linearized_vector_tube", 
                        "aliquots": {
                            "0": {
                                "volume": "2000.0:microliter", 
                                "name": null, 
                                "properties": {}
                            }
                        }, 
                        "type": "96-pcr", 
                        "id": "ct19jy97hn6vn9", 
                        "store": "cold_4"
                    }, 
                    "oligo2_tube": {
                        "cover": null, 
                        "label": "oligo2_tube", 
                        "aliquots": {
                            "0": {
                                "volume": "250.0:microliter", 
                                "name": null, 
                                "properties": {}
                            }
                        }, 
                        "type": "micro-1.5", 
                        "id": "ct19jqn994xzjn", 
                        "store": "cold_20"
                    }, 
                    "oligo1_tube": {
                        "cover": null, 
                        "label": "oligo1_tube", 
                        "aliquots": {
                            "0": {
                                "volume": "250.0:microliter", 
                                "name": null, 
                                "properties": {}
                            }
                        }, 
                        "type": "micro-1.5", 
                        "id": "ct19jqn994kzkb", 
                        "store": "cold_4"
                    }
                }, 
                "parameters": {
                    "test_mode": false, 
                    "oligo2_tube": "oligo2_tube", 
                    "negative_control": true, 
                    "linearized_vector_tube": "linearized_vector_tube", 
                    "antibiotic": "kan", 
                    "transform_spread_pick": true, 
                    "oligo1_tube": "oligo1_tube"
                }
            }
