{
                "refs": {
                    "linearized_vector_tube": {
                        "cover": null, 
                        "label": "linearized_vector_tube", 
                        "aliquots": {
                            "0": {
                                "volume": "2000.0:microliter", 
                                "name": null, 
                                "properties": {}
                            }
                        }, 
                        "type": "micro-2.0", 
                        "id": "ct19gkzvxxk5ku", 
                        "store": "cold_80"
                    }, 
                    "oligo2_tube": {
                        "cover": null, 
                        "label": "oligo2_tube", 
                        "aliquots": {
                            "0": {
                                "volume": "100.0:microliter", 
                                "name": null, 
                                "properties": {}
                            }
                        }, 
                        "type": "micro-2.0", 
                        "id": "ct19gm27ck5yt9", 
                        "store": "cold_4"
                    }, 
                    "oligo1_tube": {
                        "cover": null, 
                        "label": "oligo1_tube", 
                        "aliquots": {
                            "0": {
                                "volume": "100.0:microliter", 
                                "name": null, 
                                "properties": {}
                            }
                        }, 
                        "type": "micro-2.0", 
                        "id": "ct19gm27cjdvrk", 
                        "store": "cold_4"
                    }
                }, 
                "parameters": {
                    "test_mode": true, 
                    "oligo2_tube": "oligo2_tube", 
                    "negative_control": true, 
                    "linearized_vector_tube": "linearized_vector_tube", 
                    "antibiotic": "amp", 
                    "transform_spread_pick": true, 
                    "oligo1_tube": "oligo1_tube"
                }
            }
