{
    "protocols": [
        {
            "inputs": {
                "fake_input": {
                    "default": false, 
                    "required": true, 
                    "type": "bool", 
                    "description": "This doesn't do anything", 
                    "label": "Fake Input (ignore me)"
                }
            }, 
            "name": "PrepareStockCultureMedium", 
            "version": "1.1.127", 
            "command_string": "python -m protocols.prepare_stock_culture_medium.protocol", 
            "preview": {
                "refs": {}, 
                "parameters": {
                    "fake_input": false
                }
            }, 
            "description": ""
        }, 
        {
            "inputs": {
                "fake_input": {
                    "default": false, 
                    "required": true, 
                    "type": "bool", 
                    "description": "This doesn't do anything", 
                    "label": "Fake Input (ignore me)"
                }
            }, 
            "name": "PrepareStockFreezeMedium", 
            "version": "1.1.123", 
            "command_string": "python -m protocols.prepare_stock_freeze_medium.protocol", 
            "preview": {
                "refs": {}, 
                "parameters": {
                    "fake_input": false
                }
            }, 
            "description": ""
        }, 
        {
            "inputs": {
                "fake_input": {
                    "default": false, 
                    "required": true, 
                    "type": "bool", 
                    "description": "This doesn't do anything", 
                    "label": "Fake Input (ignore me)"
                }
            }, 
            "name": "CreateFakeCells", 
            "version": "1.1.92", 
            "command_string": "python -m protocols.create_fake_cells.protocol", 
            "preview": {
                "refs": {}, 
                "parameters": {
                    "fake_input": false
                }
            }, 
            "description": ""
        }, 
        {
            "inputs": {
                "volume_ul": {
                    "default": 100, 
                    "required": true, 
                    "type": "integer", 
                    "description": "", 
                    "label": "Volume in Microliters per well"
                }, 
                "container_type": {
                    "default": "micro-2.0", 
                    "description": "Type of container", 
                    "type": "choice", 
                    "options": [
                        {
                            "name": "micro-2.0", 
                            "value": "micro-2.0"
                        }, 
                        {
                            "name": "micro-1.5", 
                            "value": "micro-1.5"
                        }, 
                        {
                            "name": "24-deep", 
                            "value": "24-deep"
                        }
                    ], 
                    "label": "Container Type"
                }, 
                "storage_conditions": {
                    "default": "cold_80", 
                    "description": "", 
                    "type": "choice", 
                    "options": [
                        {
                            "name": "cold_80", 
                            "value": "cold_80"
                        }, 
                        {
                            "name": "cold_20", 
                            "value": "cold_20"
                        }, 
                        {
                            "name": "cold_4", 
                            "value": "cold_4"
                        }, 
                        {
                            "name": "ambient", 
                            "value": "ambient"
                        }, 
                        {
                            "name": "warm_37", 
                            "value": "warm_37"
                        }
                    ], 
                    "label": "Container Storage"
                }, 
                "container_name": {
                    "default": "new_container", 
                    "type": "string", 
                    "description": "Name of the container", 
                    "label": "Container Name"
                }
            }, 
            "name": "CreateWaterContainer", 
            "version": "1.1.68", 
            "command_string": "python -m protocols.create_water_container.protocol", 
            "preview": {
                "refs": {}, 
                "parameters": {
                    "volume_ul": 200, 
                    "container_type": "micro-1.5", 
                    "storage_conditions": "cold_4", 
                    "container_name": "my container"
                }
            }, 
            "description": ""
        }, 
        {
            "inputs": {
                "test_mode": {
                    "default": true, 
                    "required": true, 
                    "type": "bool", 
                    "description": "Set this to checked if this is a test run", 
                    "label": "Is this a test run?"
                }, 
                "cells_well": {
                    "required": true, 
                    "type": "aliquot"
                }
            }, 
            "name": "CellThawing", 
            "version": "1.1.118", 
            "command_string": "python -m protocols.cell_thawing.protocol", 
            "preview": {
                "refs": {
                    "cells": {
                        "cover": null, 
                        "label": "cells", 
                        "aliquots": {
                            "0": {
                                "volume": "1000.0:microliter", 
                                "name": null, 
                                "properties": {}
                            }
                        }, 
                        "type": "micro-2.0", 
                        "id": "ct199ayheyh9he", 
                        "store": "cold_80"
                    }
                }, 
                "parameters": {
                    "test_mode": true, 
                    "cells_well": "cells/0"
                }
            }, 
            "description": ""
        }, 
        {
            "inputs": {
                "test_mode": {
                    "default": true, 
                    "required": true, 
                    "type": "bool", 
                    "description": "Set this to checked if this is a test run", 
                    "label": "Is this a test run?"
                }, 
                "dna_tube": {
                    "required": true, 
                    "type": "container"
                }, 
                "split_tubes": {
                    "default": false, 
                    "required": false, 
                    "type": "bool", 
                    "description": "", 
                    "label": "Split Tube in half into a 2nd tube?"
                }
            }, 
            "name": "DNAResuspension", 
            "version": "1.1.68", 
            "command_string": "python -m protocols.dna_resuspension.protocol", 
            "preview": {
                "refs": {
                    "dna_tube": {
                        "cover": null, 
                        "label": "dna_tube", 
                        "aliquots": {
                            "0": {
                                "volume": "100.0:microliter", 
                                "name": null, 
                                "properties": {}
                            }
                        }, 
                        "type": "micro-2.0", 
                        "id": "ct198stskpt2yw", 
                        "store": "cold_80"
                    }
                }, 
                "parameters": {
                    "test_mode": true, 
                    "dna_tube": "dna_tube", 
                    "split_tubes": true
                }
            }, 
            "description": ""
        }, 
        {
            "inputs": {
                "trypsonized_cell_wells": {
                    "required": true, 
                    "type": "aliquot+"
                }, 
                "re_trypsonize": {
                    "default": false, 
                    "required": false, 
                    "type": "bool"
                }, 
                "test_mode": {
                    "default": true, 
                    "required": true, 
                    "type": "bool", 
                    "description": "Set this to checked if this is a test run", 
                    "label": "Is this a test run?"
                }, 
                "confluency_percent": {
                    "required": false, 
                    "type": "integer"
                }, 
                "max_plate_count": {
                    "default": 3, 
                    "required": false, 
                    "type": "integer"
                }, 
                "incubate_hours": {
                    "required": false, 
                    "type": "integer"
                }, 
                "custom_trypsonized_cell_well_volume": {
                    "default": 0, 
                    "required": false, 
                    "type": "integer"
                }, 
                "cells_per_ul": {
                    "required": true, 
                    "type": "integer"
                }, 
                "use_all_volume": {
                    "default": false, 
                    "required": false, 
                    "type": "bool"
                }, 
                "flow_analyze": {
                    "default": true, 
                    "required": false, 
                    "type": "bool"
                }, 
                "end_incubation_early": {
                    "default": false, 
                    "required": false, 
                    "type": "bool"
                }
            }, 
            "description": "", 
            "version": "1.1.118", 
            "command_string": "python -m protocols.cell_maintenance_part2.protocol", 
            "additional_previews": [
                {
                    "refs": {
                        "trypsonized_cells": {
                            "cover": "universal", 
                            "label": "trypsonized_cells", 
                            "aliquots": {
                                "0": {
                                    "volume": "8385.0:microliter", 
                                    "name": null, 
                                    "properties": {}
                                }
                            }, 
                            "type": "24-deep", 
                            "id": "ct199azzpb5xt4", 
                            "store": "warm_37"
                        }
                    }, 
                    "parameters": {
                        "trypsonized_cell_wells": [
                            "trypsonized_cells/0"
                        ], 
                        "max_plate_count": 3, 
                        "test_mode": true, 
                        "cells_per_ul": 47
                    }
                }
            ], 
            "preview": {
                "refs": {
                    "trypsonized_cells": {
                        "cover": "universal", 
                        "label": "trypsonized_cells", 
                        "aliquots": {
                            "0": {
                                "volume": "8385.0:microliter", 
                                "name": null, 
                                "properties": {}
                            }
                        }, 
                        "type": "24-deep", 
                        "id": "ct19bwbr22mvh3", 
                        "store": "warm_37"
                    }
                }, 
                "parameters": {
                    "trypsonized_cell_wells": [
                        "trypsonized_cells/0"
                    ], 
                    "re_trypsonize": false, 
                    "test_mode": false, 
                    "confluency_percent": 100, 
                    "incubate_hours": 120, 
                    "cells_per_ul": 390, 
                    "max_plate_count": 1, 
                    "flow_analyze": true
                }
            }, 
            "name": "CellSplitting"
        }, 
        {
            "inputs": {
                "cells_per_ul": {
                    "required": true, 
                    "type": "integer"
                }, 
                "skip_splitting": {
                    "default": false, 
                    "required": false, 
                    "type": "bool", 
                    "description": "", 
                    "label": "Skip splitting cells before using"
                }, 
                "test_mode": {
                    "default": true, 
                    "required": true, 
                    "type": "bool", 
                    "description": "Set this to checked if this is a test run", 
                    "label": "Is this a test run?"
                }, 
                "cell_plate": {
                    "required": true, 
                    "type": "container"
                }
            }, 
            "name": "CellFreezing", 
            "version": "1.1.93", 
            "command_string": "python -m protocols.cell_freezing.protocol", 
            "additional_previews": [
                {
                    "refs": {
                        "replated_cells_1": {
                            "cover": "standard", 
                            "label": "replated_cells_1", 
                            "aliquots": {
                                "1": {
                                    "volume": "3000.0:microliter", 
                                    "name": null, 
                                    "properties": {}
                                }, 
                                "0": {
                                    "volume": "3000.0:microliter", 
                                    "name": null, 
                                    "properties": {}
                                }, 
                                "3": {
                                    "volume": "3000.0:microliter", 
                                    "name": null, 
                                    "properties": {}
                                }, 
                                "2": {
                                    "volume": "3000.0:microliter", 
                                    "name": null, 
                                    "properties": {}
                                }, 
                                "5": {
                                    "volume": "3000.0:microliter", 
                                    "name": null, 
                                    "properties": {}
                                }, 
                                "4": {
                                    "volume": "3000.0:microliter", 
                                    "name": null, 
                                    "properties": {}
                                }
                            }, 
                            "type": "6-flat-tc", 
                            "id": "ct199b2kugfauh", 
                            "store": "warm_37"
                        }
                    }, 
                    "parameters": {
                        "cells_per_ul": 300, 
                        "skip_splitting": true, 
                        "test_mode": true, 
                        "cell_plate": "replated_cells_1"
                    }
                }
            ], 
            "preview": {
                "refs": {
                    "replated_cells_1": {
                        "cover": "standard", 
                        "label": "replated_cells_1", 
                        "aliquots": {
                            "1": {
                                "volume": "3000.0:microliter", 
                                "name": null, 
                                "properties": {}
                            }, 
                            "0": {
                                "volume": "3000.0:microliter", 
                                "name": null, 
                                "properties": {}
                            }, 
                            "3": {
                                "volume": "3000.0:microliter", 
                                "name": null, 
                                "properties": {}
                            }, 
                            "2": {
                                "volume": "3000.0:microliter", 
                                "name": null, 
                                "properties": {}
                            }, 
                            "5": {
                                "volume": "3000.0:microliter", 
                                "name": null, 
                                "properties": {}
                            }, 
                            "4": {
                                "volume": "3000.0:microliter", 
                                "name": null, 
                                "properties": {}
                            }
                        }, 
                        "type": "6-flat-tc", 
                        "id": "ct199b2kugfauh", 
                        "store": "warm_37"
                    }
                }, 
                "parameters": {
                    "cells_per_ul": 300, 
                    "test_mode": true, 
                    "cell_plate": "replated_cells_1"
                }
            }, 
            "description": ""
        }, 
        {
            "inputs": {
                "test_mode": {
                    "default": true, 
                    "required": true, 
                    "type": "bool", 
                    "description": "Set this to checked if this is a test run", 
                    "label": "Is this a test run?"
                }, 
                "hsv1_dna_well": {
                    "type": "aliquot"
                }, 
                "flash_freeze": {
                    "default": false, 
                    "required": false, 
                    "type": "bool", 
                    "description": "", 
                    "label": "Should we flash freeze before storing virus?"
                }, 
                "cells_per_ul": {
                    "required": true, 
                    "type": "integer"
                }, 
                "well_count": {
                    "default": 1, 
                    "required": false, 
                    "type": "integer"
                }, 
                "cell_plate": {
                    "required": true, 
                    "type": "container"
                }
            }, 
            "name": "HSV1Transfection", 
            "version": "1.1.82", 
            "command_string": "python -m protocols.hsv1_transfection.protocol", 
            "preview": {
                "refs": {
                    "hsv1_dna": {
                        "cover": null, 
                        "label": "hsv1_dna", 
                        "aliquots": {
                            "0": {
                                "volume": "600.0:microliter", 
                                "name": null, 
                                "properties": {}
                            }
                        }, 
                        "type": "micro-2.0", 
                        "id": "ct198stskpt2yw", 
                        "store": "cold_80"
                    }, 
                    "replated_cells_1": {
                        "cover": "standard", 
                        "label": "replated_cells_1", 
                        "aliquots": {
                            "1": {
                                "volume": "3000.0:microliter", 
                                "name": null, 
                                "properties": {}
                            }, 
                            "0": {
                                "volume": "3000.0:microliter", 
                                "name": null, 
                                "properties": {}
                            }, 
                            "3": {
                                "volume": "3000.0:microliter", 
                                "name": null, 
                                "properties": {}
                            }, 
                            "2": {
                                "volume": "3000.0:microliter", 
                                "name": null, 
                                "properties": {}
                            }, 
                            "5": {
                                "volume": "3000.0:microliter", 
                                "name": null, 
                                "properties": {}
                            }, 
                            "4": {
                                "volume": "3000.0:microliter", 
                                "name": null, 
                                "properties": {}
                            }
                        }, 
                        "type": "6-flat-tc", 
                        "id": "ct199b2kugfauh", 
                        "store": "warm_37"
                    }
                }, 
                "parameters": {
                    "test_mode": true, 
                    "hsv1_dna_well": "hsv1_dna/0", 
                    "flash_freeze": false, 
                    "cells_per_ul": 533, 
                    "well_count": 1, 
                    "cell_plate": "replated_cells_1"
                }
            }, 
            "description": ""
        }, 
        {
            "inputs": {
                "virus_wells": {
                    "required": true, 
                    "type": "aliquot+"
                }, 
                "test_mode": {
                    "default": true, 
                    "required": true, 
                    "type": "bool", 
                    "description": "Set this to checked if this is a test run", 
                    "label": "Is this a test run?"
                }, 
                "negative_control": {
                    "default": false, 
                    "required": false, 
                    "type": "bool", 
                    "description": "", 
                    "label": "Include a negative control well in the plate?"
                }, 
                "flash_freeze": {
                    "default": true, 
                    "required": false, 
                    "type": "bool", 
                    "description": "", 
                    "label": "Should we flash freeze before storing virus?"
                }, 
                "plaque_stain": {
                    "default": false, 
                    "required": false, 
                    "type": "bool", 
                    "description": "", 
                    "label": "Plaque stain the plate after infection? (Don't use with flash freeze)"
                }, 
                "skip_splitting": {
                    "default": false, 
                    "required": false, 
                    "type": "bool", 
                    "description": "", 
                    "label": "Skip splitting cells before using"
                }, 
                "cells_per_ul": {
                    "required": true, 
                    "type": "integer"
                }, 
                "well_count": {
                    "default": 1, 
                    "required": false, 
                    "type": "integer"
                }, 
                "cell_plate": {
                    "required": true, 
                    "type": "container"
                }
            }, 
            "name": "VirusInfection", 
            "version": "1.1.34", 
            "command_string": "python -m protocols.virus_infection.protocol", 
            "additional_previews": [
                {
                    "refs": {
                        "replated_cells_1": {
                            "cover": "standard", 
                            "label": "replated_cells_1", 
                            "aliquots": {
                                "1": {
                                    "volume": "3000.0:microliter", 
                                    "name": null, 
                                    "properties": {}
                                }, 
                                "0": {
                                    "volume": "3000.0:microliter", 
                                    "name": null, 
                                    "properties": {}
                                }, 
                                "3": {
                                    "volume": "3000.0:microliter", 
                                    "name": null, 
                                    "properties": {}
                                }, 
                                "2": {
                                    "volume": "3000.0:microliter", 
                                    "name": null, 
                                    "properties": {}
                                }, 
                                "5": {
                                    "volume": "3000.0:microliter", 
                                    "name": null, 
                                    "properties": {}
                                }, 
                                "4": {
                                    "volume": "3000.0:microliter", 
                                    "name": null, 
                                    "properties": {}
                                }
                            }, 
                            "type": "6-flat-tc", 
                            "id": "ct199b2kugfauh", 
                            "store": "warm_37"
                        }, 
                        "virus_tube": {
                            "cover": null, 
                            "label": "virus_tube", 
                            "aliquots": {
                                "0": {
                                    "volume": "2000.0:microliter", 
                                    "name": null, 
                                    "properties": {}
                                }
                            }, 
                            "type": "micro-2.0", 
                            "id": "ct19bkhwunwkrd", 
                            "store": "cold_80"
                        }
                    }, 
                    "parameters": {
                        "virus_wells": [
                            "virus_tube/0"
                        ], 
                        "test_mode": true, 
                        "flash_freeze": true, 
                        "skip_splitting": false, 
                        "cells_per_ul": 400, 
                        "well_count": 6, 
                        "cell_plate": "replated_cells_1"
                    }
                }, 
                {
                    "refs": {
                        "replated_cells_1": {
                            "cover": "standard", 
                            "label": "replated_cells_1", 
                            "aliquots": {
                                "1": {
                                    "volume": "3000.0:microliter", 
                                    "name": null, 
                                    "properties": {}
                                }, 
                                "0": {
                                    "volume": "3000.0:microliter", 
                                    "name": null, 
                                    "properties": {}
                                }, 
                                "3": {
                                    "volume": "3000.0:microliter", 
                                    "name": null, 
                                    "properties": {}
                                }, 
                                "2": {
                                    "volume": "3000.0:microliter", 
                                    "name": null, 
                                    "properties": {}
                                }, 
                                "5": {
                                    "volume": "3000.0:microliter", 
                                    "name": null, 
                                    "properties": {}
                                }, 
                                "4": {
                                    "volume": "3000.0:microliter", 
                                    "name": null, 
                                    "properties": {}
                                }
                            }, 
                            "type": "6-flat-tc", 
                            "id": "ct199b2kugfauh", 
                            "store": "warm_37"
                        }, 
                        "virus_tube": {
                            "cover": null, 
                            "label": "virus_tube", 
                            "aliquots": {
                                "0": {
                                    "volume": "2000.0:microliter", 
                                    "name": null, 
                                    "properties": {}
                                }
                            }, 
                            "type": "micro-2.0", 
                            "id": "ct19bkehqdwwd5", 
                            "store": "cold_80"
                        }
                    }, 
                    "parameters": {
                        "plaque_stain": true, 
                        "test_mode": true, 
                        "negative_control": true, 
                        "flash_freeze": false, 
                        "virus_wells": [
                            "virus_tube/0"
                        ], 
                        "cells_per_ul": 400, 
                        "well_count": 1, 
                        "cell_plate": "replated_cells_1"
                    }
                }, 
                {
                    "refs": {
                        "replated_cells_1": {
                            "cover": "standard", 
                            "label": "replated_cells_1", 
                            "aliquots": {
                                "1": {
                                    "volume": "3000.0:microliter", 
                                    "name": null, 
                                    "properties": {}
                                }, 
                                "0": {
                                    "volume": "3000.0:microliter", 
                                    "name": null, 
                                    "properties": {}
                                }, 
                                "3": {
                                    "volume": "3000.0:microliter", 
                                    "name": null, 
                                    "properties": {}
                                }, 
                                "2": {
                                    "volume": "3000.0:microliter", 
                                    "name": null, 
                                    "properties": {}
                                }, 
                                "5": {
                                    "volume": "3000.0:microliter", 
                                    "name": null, 
                                    "properties": {}
                                }, 
                                "4": {
                                    "volume": "3000.0:microliter", 
                                    "name": null, 
                                    "properties": {}
                                }
                            }, 
                            "type": "6-flat-tc", 
                            "id": "ct199b2kugfauh", 
                            "store": "warm_37"
                        }, 
                        "virus_tube": {
                            "cover": null, 
                            "label": "virus_tube", 
                            "aliquots": {
                                "0": {
                                    "volume": "2000.0:microliter", 
                                    "name": null, 
                                    "properties": {}
                                }
                            }, 
                            "type": "micro-2.0", 
                            "id": "ct19bkehqdwwd5", 
                            "store": "cold_80"
                        }
                    }, 
                    "parameters": {
                        "plaque_stain": false, 
                        "test_mode": false, 
                        "negative_control": false, 
                        "flash_freeze": true, 
                        "virus_wells": [
                            "virus_tube/0"
                        ], 
                        "skip_splitting": true, 
                        "cells_per_ul": 300, 
                        "well_count": 6, 
                        "cell_plate": "replated_cells_1"
                    }
                }
            ], 
            "preview": {
                "refs": {
                    "replated_cells_1": {
                        "cover": "standard", 
                        "label": "replated_cells_1", 
                        "aliquots": {
                            "1": {
                                "volume": "3000.0:microliter", 
                                "name": null, 
                                "properties": {}
                            }, 
                            "0": {
                                "volume": "3000.0:microliter", 
                                "name": null, 
                                "properties": {}
                            }, 
                            "3": {
                                "volume": "3000.0:microliter", 
                                "name": null, 
                                "properties": {}
                            }, 
                            "2": {
                                "volume": "3000.0:microliter", 
                                "name": null, 
                                "properties": {}
                            }, 
                            "5": {
                                "volume": "3000.0:microliter", 
                                "name": null, 
                                "properties": {}
                            }, 
                            "4": {
                                "volume": "3000.0:microliter", 
                                "name": null, 
                                "properties": {}
                            }
                        }, 
                        "type": "6-flat-tc", 
                        "id": "ct199b2kugfauh", 
                        "store": "warm_37"
                    }, 
                    "virus_tube": {
                        "cover": null, 
                        "label": "virus_tube", 
                        "aliquots": {
                            "0": {
                                "volume": "2000.0:microliter", 
                                "name": null, 
                                "properties": {}
                            }
                        }, 
                        "type": "micro-2.0", 
                        "id": "ct19bkehqdwwd5", 
                        "store": "cold_80"
                    }
                }, 
                "parameters": {
                    "virus_wells": [
                        "virus_tube/0"
                    ], 
                    "test_mode": true, 
                    "flash_freeze": true, 
                    "cells_per_ul": 400, 
                    "well_count": 1, 
                    "cell_plate": "replated_cells_1"
                }
            }, 
            "description": ""
        }, 
        {
            "inputs": {
                "cells_per_ul": {
                    "required": true, 
                    "type": "integer"
                }, 
                "test_mode": {
                    "default": true, 
                    "required": true, 
                    "type": "bool", 
                    "description": "Set this to checked if this is a test run", 
                    "label": "Is this a test run?"
                }, 
                "virus_well": {
                    "type": "aliquot"
                }, 
                "cell_plate": {
                    "required": true, 
                    "type": "container"
                }
            }, 
            "name": "VirusTitration", 
            "version": "1.1.80", 
            "command_string": "python -m protocols.virus_titration.protocol", 
            "preview": {
                "refs": {
                    "replated_cells_1": {
                        "cover": "standard", 
                        "label": "replated_cells_1", 
                        "aliquots": {
                            "1": {
                                "volume": "3000.0:microliter", 
                                "name": null, 
                                "properties": {}
                            }, 
                            "0": {
                                "volume": "3000.0:microliter", 
                                "name": null, 
                                "properties": {}
                            }, 
                            "3": {
                                "volume": "3000.0:microliter", 
                                "name": null, 
                                "properties": {}
                            }, 
                            "2": {
                                "volume": "3000.0:microliter", 
                                "name": null, 
                                "properties": {}
                            }, 
                            "5": {
                                "volume": "3000.0:microliter", 
                                "name": null, 
                                "properties": {}
                            }, 
                            "4": {
                                "volume": "3000.0:microliter", 
                                "name": null, 
                                "properties": {}
                            }
                        }, 
                        "type": "6-flat-tc", 
                        "id": "ct199b2kugfauh", 
                        "store": "warm_37"
                    }, 
                    "virus_tube": {
                        "cover": null, 
                        "label": "virus_tube", 
                        "aliquots": {
                            "0": {
                                "volume": "1985.0:microliter", 
                                "name": null, 
                                "properties": {}
                            }
                        }, 
                        "type": "micro-2.0", 
                        "id": "ct198wgyfw3htk", 
                        "store": "cold_80"
                    }
                }, 
                "parameters": {
                    "cells_per_ul": 400, 
                    "test_mode": true, 
                    "virus_well": "virus_tube/0", 
                    "cell_plate": "replated_cells_1"
                }
            }, 
            "description": ""
        }
    ], 
    "license": "Proprietary", 
    "format": "python"
}