{
  "refs": {
    "thawed_cells": {
      "new": "6-flat", 
      "store": {
        "where": "warm_37"
      }
    }, 
    "culture_medium": {
      "id": "ct196xysf2q23c", 
      "store": {
        "where": "cold_4"
      }
    }
  }, 
  "outs": {
    "culture_medium": {
      "20": {
        "name": "culture_medium"
      }, 
      "21": {
        "name": "culture_medium"
      }, 
      "22": {
        "name": "culture_medium"
      }, 
      "23": {
        "name": "culture_medium"
      }, 
      "1": {
        "name": "culture_medium"
      }, 
      "0": {
        "name": "culture_medium"
      }, 
      "3": {
        "name": "culture_medium"
      }, 
      "2": {
        "name": "culture_medium"
      }, 
      "5": {
        "name": "culture_medium"
      }, 
      "4": {
        "name": "culture_medium"
      }, 
      "7": {
        "name": "culture_medium"
      }, 
      "6": {
        "name": "culture_medium"
      }, 
      "9": {
        "name": "culture_medium"
      }, 
      "8": {
        "name": "culture_medium"
      }, 
      "11": {
        "name": "culture_medium"
      }, 
      "10": {
        "name": "culture_medium"
      }, 
      "13": {
        "name": "culture_medium"
      }, 
      "12": {
        "name": "culture_medium"
      }, 
      "15": {
        "name": "culture_medium"
      }, 
      "14": {
        "name": "culture_medium"
      }, 
      "17": {
        "name": "culture_medium"
      }, 
      "16": {
        "name": "culture_medium"
      }, 
      "19": {
        "name": "culture_medium"
      }, 
      "18": {
        "name": "culture_medium"
      }
    }
  }, 
  "instructions": [
    {
      "where": "warm_37", 
      "object": "culture_medium", 
      "co2_percent": 0, 
      "duration": "20:minute", 
      "shaking": false, 
      "op": "incubate"
    }, 
    {
      "groups": [
        {
          "mix": [
            {
              "volume": "900.0:microliter", 
              "well": "culture_medium/0", 
              "repetitions": 10, 
              "speed": "1000:microliter/second"
            }
          ]
        }, 
        {
          "transfer": [
            {
              "volume": "900.0:microliter", 
              "to": "thawed_cells/0", 
              "from": "culture_medium/0"
            }
          ]
        }, 
        {
          "transfer": [
            {
              "volume": "900.0:microliter", 
              "to": "thawed_cells/0", 
              "from": "culture_medium/0"
            }
          ]
        }, 
        {
          "transfer": [
            {
              "volume": "900.0:microliter", 
              "to": "thawed_cells/0", 
              "from": "culture_medium/0"
            }
          ]
        }, 
        {
          "transfer": [
            {
              "volume": "300.0:microliter", 
              "to": "thawed_cells/0", 
              "from": "culture_medium/0"
            }
          ]
        }, 
        {
          "transfer": [
            {
              "volume": "900.0:microliter", 
              "to": "thawed_cells/1", 
              "from": "culture_medium/0"
            }
          ]
        }, 
        {
          "transfer": [
            {
              "volume": "900.0:microliter", 
              "to": "thawed_cells/1", 
              "from": "culture_medium/0"
            }
          ]
        }, 
        {
          "transfer": [
            {
              "volume": "900.0:microliter", 
              "to": "thawed_cells/1", 
              "from": "culture_medium/0"
            }
          ]
        }, 
        {
          "transfer": [
            {
              "volume": "300.0:microliter", 
              "to": "thawed_cells/1", 
              "from": "culture_medium/0"
            }
          ]
        }, 
        {
          "transfer": [
            {
              "volume": "900.0:microliter", 
              "to": "thawed_cells/2", 
              "from": "culture_medium/0"
            }
          ]
        }, 
        {
          "transfer": [
            {
              "volume": "900.0:microliter", 
              "to": "thawed_cells/2", 
              "from": "culture_medium/0"
            }
          ]
        }, 
        {
          "transfer": [
            {
              "volume": "900.0:microliter", 
              "to": "thawed_cells/2", 
              "from": "culture_medium/0"
            }
          ]
        }, 
        {
          "transfer": [
            {
              "volume": "300.0:microliter", 
              "to": "thawed_cells/2", 
              "from": "culture_medium/0"
            }
          ]
        }, 
        {
          "transfer": [
            {
              "volume": "900.0:microliter", 
              "to": "thawed_cells/3", 
              "from": "culture_medium/0"
            }
          ]
        }, 
        {
          "transfer": [
            {
              "volume": "85.0:microliter", 
              "to": "thawed_cells/3", 
              "from": "culture_medium/0"
            }
          ]
        }, 
        {
          "mix": [
            {
              "volume": "900.0:microliter", 
              "well": "culture_medium/1", 
              "repetitions": 10, 
              "speed": "1000:microliter/second"
            }
          ]
        }, 
        {
          "transfer": [
            {
              "volume": "900.0:microliter", 
              "to": "thawed_cells/3", 
              "from": "culture_medium/1"
            }
          ]
        }, 
        {
          "transfer": [
            {
              "volume": "900.0:microliter", 
              "to": "thawed_cells/3", 
              "from": "culture_medium/1"
            }
          ]
        }, 
        {
          "transfer": [
            {
              "volume": "215.0:microliter", 
              "to": "thawed_cells/3", 
              "from": "culture_medium/1"
            }
          ]
        }, 
        {
          "transfer": [
            {
              "volume": "900.0:microliter", 
              "to": "thawed_cells/4", 
              "from": "culture_medium/1"
            }
          ]
        }, 
        {
          "transfer": [
            {
              "volume": "900.0:microliter", 
              "to": "thawed_cells/4", 
              "from": "culture_medium/1"
            }
          ]
        }, 
        {
          "transfer": [
            {
              "volume": "900.0:microliter", 
              "to": "thawed_cells/4", 
              "from": "culture_medium/1"
            }
          ]
        }, 
        {
          "transfer": [
            {
              "volume": "300.0:microliter", 
              "to": "thawed_cells/4", 
              "from": "culture_medium/1"
            }
          ]
        }, 
        {
          "transfer": [
            {
              "volume": "900.0:microliter", 
              "to": "thawed_cells/5", 
              "from": "culture_medium/1"
            }
          ]
        }, 
        {
          "transfer": [
            {
              "volume": "900.0:microliter", 
              "to": "thawed_cells/5", 
              "from": "culture_medium/1"
            }
          ]
        }, 
        {
          "transfer": [
            {
              "volume": "900.0:microliter", 
              "to": "thawed_cells/5", 
              "from": "culture_medium/1"
            }
          ]
        }, 
        {
          "transfer": [
            {
              "volume": "300.0:microliter", 
              "to": "thawed_cells/5", 
              "from": "culture_medium/1"
            }
          ]
        }
      ], 
      "op": "pipette"
    }, 
    {
      "lid": "universal", 
      "object": "culture_medium", 
      "op": "cover"
    }, 
    {
      "lid": "standard", 
      "object": "thawed_cells", 
      "op": "cover"
    }
  ]
}

